{"lowlevel.dissonance.mean": [0.21124804019927979], "sfx.inharmonicity.mean": [0.3274438977241516], "lowlevel.spectral_contrast.mean": [[0.5961276292800903, 1.146810531616211, 1.065725326538086, 1.0468816757202148, 0.8784608840942383, 0.514725923538208]], "lowlevel.spectral_centroid.mean": [0.391451895236969], "lowlevel.mfcc.mean": [[0.4770854711532593, 0.39775604009628296, 0.13731586933135986, 0.5142543315887451, 0.5034753084182739, 0.3059181571006775, 0.2801552712917328, 0.3206188678741455, 0.3532831370830536, 0.484842449426651, 0.5383816361427307, 0.8711456060409546, 1.2246639728546143]], "sfx.logattacktime.mean": [0.5366073250770569], "lowlevel.hfc.mean": [0.4813481271266937]}