{"lowlevel.dissonance.mean": [0.6676547527313232], "sfx.inharmonicity.mean": [0.3268691897392273], "lowlevel.spectral_contrast.mean": [[0.8187902569770813, 0.530962347984314, 0.6553508043289185, 0.6814093589782715, 0.22009611129760742, 0.17452740669250488]], "lowlevel.spectral_centroid.mean": [0.3527029752731323], "lowlevel.mfcc.mean": [[0.3999483585357666, 0.9553483724594116, 0.8542601466178894, 0.013203650712966919, -0.18570488691329956, -0.03092515468597412, 0.09015533328056335, 0.036920249462127686, 0.1991850733757019, 0.34805935621261597, 0.386305034160614, 0.3093757629394531, 0.3168864846229553]], "sfx.logattacktime.mean": [0.36924225091934204], "lowlevel.hfc.mean": [0.46703776717185974]}