{"lowlevel.dissonance.mean": [-0.06628376245498657], "sfx.inharmonicity.mean": [0.1984032690525055], "lowlevel.spectral_contrast.mean": [[0.44360029697418213, 0.3791537284851074, 0.3274967670440674, 0.21031498908996582, 0.1746079921722412, 0.21353721618652344]], "lowlevel.spectral_centroid.mean": [0.31863194704055786], "lowlevel.mfcc.mean": [[0.103737473487854, 0.2956625819206238, 0.6044468283653259, 0.5050455331802368, 0.5463827848434448, 0.45299288630485535, 0.41949230432510376, 0.32217514514923096, 0.29140400886535645, 0.2112531065940857, 0.20839229226112366, 0.1774078607559204, 0.23136171698570251]], "sfx.logattacktime.mean": [0.32656317949295044], "lowlevel.hfc.mean": [0.46510636806488037]}