{"lowlevel.dissonance.mean": [-0.44701772928237915], "sfx.inharmonicity.mean": [0.4303157925605774], "lowlevel.spectral_contrast.mean": [[0.12707912921905518, 1.3090934753417969, 1.6154963970184326, 1.0362927913665771, 0.4119250774383545, 0.4322037696838379]], "lowlevel.spectral_centroid.mean": [0.3807015120983124], "lowlevel.mfcc.mean": [[0.30519211292266846, 0.5767789483070374, 0.2856825888156891, -0.33648836612701416, -0.19111156463623047, 0.151746928691864, 0.23077434301376343, 0.03688821196556091, 0.3868540823459625, 0.44399362802505493, 0.23480096459388733, 0.5169816017150879, 1.200160026550293]], "sfx.logattacktime.mean": [0.33015894889831543], "lowlevel.hfc.mean": [0.4714340269565582]}