{"lowlevel.dissonance.mean": [0.42058706283569336], "sfx.inharmonicity.mean": [0.30126863718032837], "lowlevel.spectral_contrast.mean": [[0.6029417514801025, 0.27823150157928467, 1.2502185106277466, 1.090579628944397, 0.9774596691131592, 0.9337348937988281]], "lowlevel.spectral_centroid.mean": [0.4523632526397705], "lowlevel.mfcc.mean": [[0.47043120861053467, 0.13485899567604065, 0.3434826135635376, 0.4970827102661133, 0.3300808370113373, 0.5943757891654968, 0.9046376943588257, 0.9794872403144836, 1.1480979919433594, 0.25639063119888306, 0.09511891007423401, 0.17837706208229065, 1.189286708831787]], "sfx.logattacktime.mean": [0.6077027916908264], "lowlevel.hfc.mean": [0.48344025015830994]}