{"lowlevel.dissonance.mean": [0.08926808834075928], "sfx.inharmonicity.mean": [0.26092222332954407], "lowlevel.spectral_contrast.mean": [[0.5895847082138062, 1.1121811866760254, 0.9429975748062134, 0.8292553424835205, 0.699805736541748, 0.4290022850036621]], "lowlevel.spectral_centroid.mean": [0.3495713770389557], "lowlevel.mfcc.mean": [[0.4566922187805176, 0.5991826057434082, 0.3846508860588074, 0.5318245887756348, 0.399404376745224, 0.33693626523017883, 0.4913572072982788, 0.29959359765052795, 0.15411964058876038, 0.38236379623413086, 0.7583562135696411, 0.9113859534263611, 0.9399664998054504]], "sfx.logattacktime.mean": [0.5526841878890991], "lowlevel.hfc.mean": [0.4728073179721832]}