{"lowlevel.dissonance.mean": [-0.4520300626754761], "sfx.inharmonicity.mean": [0.34491705894470215], "lowlevel.spectral_contrast.mean": [[1.0146901607513428, 1.6273478269577026, 1.591325283050537, 1.0919889211654663, 0.6481096744537354, 0.4677889347076416]], "lowlevel.spectral_centroid.mean": [0.35739725828170776], "lowlevel.mfcc.mean": [[0.5122357606887817, 0.9048653841018677, 0.29864028096199036, -0.3615466356277466, -0.48189932107925415, -0.48697441816329956, 0.08327698707580566, 0.20963019132614136, 0.09166222810745239, 0.3142932653427124, 0.3031225800514221, 0.32538723945617676, 0.5117024779319763]], "sfx.logattacktime.mean": [0.4699111878871918], "lowlevel.hfc.mean": [0.4919305443763733]}