{"lowlevel.dissonance.mean": [-0.4564354419708252], "sfx.inharmonicity.mean": [0.23208624124526978], "lowlevel.spectral_contrast.mean": [[1.0312492847442627, 1.2942383289337158, 1.1842354536056519, 0.9662114381790161, 0.550853967666626, 0.514110803604126]], "lowlevel.spectral_centroid.mean": [0.3516017198562622], "lowlevel.mfcc.mean": [[0.5405875444412231, 1.0059220790863037, 0.5866714715957642, 0.07005959749221802, -0.055800020694732666, 0.11867502331733704, 0.3300590515136719, 0.05813020467758179, 0.006511330604553223, 0.3994692265987396, 0.3699795603752136, 0.31715357303619385, 0.5174619555473328]], "sfx.logattacktime.mean": [0.3241300582885742], "lowlevel.hfc.mean": [0.47288426756858826]}