{"lowlevel.dissonance.mean": [0.6662862300872803], "sfx.inharmonicity.mean": [0.8562377691268921], "lowlevel.spectral_contrast.mean": [[0.5442578792572021, 0.28395962715148926, 0.35239195823669434, 1.2011805772781372, 0.8598001003265381, 0.817460298538208]], "lowlevel.spectral_centroid.mean": [0.4946900010108948], "lowlevel.mfcc.mean": [[0.44478142261505127, 0.18118223547935486, 0.3258240222930908, 0.4765952229499817, 0.6146728992462158, 0.7264702320098877, 0.6229592561721802, 0.4736500084400177, 0.14025801420211792, 0.9196553826332092, 1.5594723224639893, 0.415985643863678, -0.2372240424156189]], "sfx.logattacktime.mean": [0.6306576728820801], "lowlevel.hfc.mean": [0.47248032689094543]}