{"lowlevel.dissonance.mean": [0.6278172731399536], "sfx.inharmonicity.mean": [0.3905643820762634], "lowlevel.spectral_contrast.mean": [[0.618874192237854, 0.27406466007232666, 0.3189210891723633, 1.173404574394226, 1.2000330686569214, 0.8551084995269775]], "lowlevel.spectral_centroid.mean": [0.49288830161094666], "lowlevel.mfcc.mean": [[0.44794368743896484, 0.1342102736234665, 0.3799298405647278, 0.5333685278892517, 0.46718630194664, 0.7174109220504761, 1.1452467441558838, 0.8140758275985718, 0.28370869159698486, -0.0581660270690918, 0.9327648878097534, 1.6736348867416382, 1.7144935131072998]], "sfx.logattacktime.mean": [0.6005124449729919], "lowlevel.hfc.mean": [0.5029891133308411]}