{"lowlevel.dissonance.mean": [-0.5735241174697876], "sfx.inharmonicity.mean": [0.46105316281318665], "lowlevel.spectral_contrast.mean": [[0.7500535249710083, 1.1754391193389893, 0.8395007848739624, 0.5797812938690186, 0.3298492431640625, 0.16401028633117676]], "lowlevel.spectral_centroid.mean": [0.3434731960296631], "lowlevel.mfcc.mean": [[0.353108286857605, 0.8831474781036377, 0.9483107328414917, 0.3183745741844177, 0.0811159610748291, 0.06756627559661865, 0.10176011919975281, 0.01925373077392578, 0.16870209574699402, 0.4487913250923157, 0.7475173473358154, 0.8044399619102478, 0.7114028930664062]], "sfx.logattacktime.mean": [0.34466660022735596], "lowlevel.hfc.mean": [0.4666014611721039]}