{"lowlevel.dissonance.mean": [0.13075995445251465], "sfx.inharmonicity.mean": [0.5695757865905762], "lowlevel.spectral_contrast.mean": [[0.19087135791778564, 0.1005101203918457, 1.4132239818572998, 1.4875850677490234, 1.4025806188583374, 0.9850397109985352]], "lowlevel.spectral_centroid.mean": [0.43833649158477783], "lowlevel.mfcc.mean": [[0.32923102378845215, 0.14564594626426697, -0.030684322118759155, 0.33148425817489624, 0.26476559042930603, 1.0439531803131104, 0.9886288642883301, 0.6155599355697632, 0.6338209509849548, -0.6642342805862427, 0.12734973430633545, 1.7451720237731934, 1.8498308658599854]], "sfx.logattacktime.mean": [0.3315922021865845], "lowlevel.hfc.mean": [0.5175149440765381]}