{"lowlevel.dissonance.mean": [-0.7084546089172363], "sfx.inharmonicity.mean": [0.25405314564704895], "lowlevel.spectral_contrast.mean": [[0.8785145878791809, 1.296391248703003, 1.1592504978179932, 0.4535355567932129, 0.3992118835449219, 0.22166776657104492]], "lowlevel.spectral_centroid.mean": [0.34422746300697327], "lowlevel.mfcc.mean": [[0.3838597536087036, 0.9395774602890015, 0.9550250172615051, 0.22242793440818787, -0.22446900606155396, -0.31382542848587036, -0.048612773418426514, 0.11403349041938782, 0.3311437964439392, 0.39841991662979126, 0.26934975385665894, 0.25255286693573, 0.5164311528205872]], "sfx.logattacktime.mean": [0.3370148241519928], "lowlevel.hfc.mean": [0.468871533870697]}