{"lowlevel.dissonance.mean": [0.12177038192749023], "sfx.inharmonicity.mean": [0.24165698885917664], "lowlevel.spectral_contrast.mean": [[0.8711932301521301, 1.09059739112854, 0.8733069896697998, 0.7156710624694824, 0.6394772529602051, 0.423600435256958]], "lowlevel.spectral_centroid.mean": [0.3396187424659729], "lowlevel.mfcc.mean": [[0.42847156524658203, 0.5511566400527954, 0.3846481144428253, 0.5207326412200928, 0.3719809353351593, 0.24767915904521942, 0.39419764280319214, 0.3202725946903229, 0.12274065613746643, 0.1984286904335022, 0.5716453790664673, 0.6832473278045654, 0.5203320980072021]], "sfx.logattacktime.mean": [0.4935316741466522], "lowlevel.hfc.mean": [0.4696868658065796]}