{"lowlevel.dissonance.mean": [-0.23369014263153076], "sfx.inharmonicity.mean": [0.43912678956985474], "lowlevel.spectral_contrast.mean": [[0.8616386651992798, 1.2506444454193115, 0.9055162668228149, 0.9373836517333984, 0.6042270660400391, 0.47846102714538574]], "lowlevel.spectral_centroid.mean": [0.3456905782222748], "lowlevel.mfcc.mean": [[0.5229909420013428, 1.0296320915222168, 0.5998619794845581, 0.09426099061965942, 0.15848374366760254, 0.1338348388671875, 0.3480972647666931, 0.3617931008338928, 0.2750568985939026, 0.12124675512313843, 0.4224783778190613, 0.9245777130126953, 0.9106502532958984]], "sfx.logattacktime.mean": [0.3445679545402527], "lowlevel.hfc.mean": [0.472110390663147]}