{"lowlevel.dissonance.mean": [-0.1463780403137207], "sfx.inharmonicity.mean": [0.3110508322715759], "lowlevel.spectral_contrast.mean": [[0.6878660321235657, 1.085472583770752, 1.2400511503219604, 0.7785732746124268, 0.6168749332427979, 0.45392584800720215]], "lowlevel.spectral_centroid.mean": [0.3519725203514099], "lowlevel.mfcc.mean": [[0.5476369857788086, 1.0170263051986694, 0.49131548404693604, 0.026043415069580078, 0.04392039775848389, -0.11694777011871338, 0.12144270539283752, 0.3132879436016083, 0.7464796900749207, 0.7921657562255859, 0.5538133382797241, 0.6258165836334229, 0.5261502861976624]], "sfx.logattacktime.mean": [0.4324636459350586], "lowlevel.hfc.mean": [0.47815078496932983]}