{"lowlevel.dissonance.mean": [0.3551015853881836], "sfx.inharmonicity.mean": [0.3755229711532593], "lowlevel.spectral_contrast.mean": [[0.28981125354766846, 0.32961952686309814, 0.4653286933898926, 0.2661256790161133, 0.2389369010925293, 0.2786257266998291]], "lowlevel.spectral_centroid.mean": [0.3969051241874695], "lowlevel.mfcc.mean": [[0.198783278465271, 0.3200312852859497, 0.5015905499458313, 0.35654470324516296, 0.35539573431015015, 0.3826465606689453, 0.5410868525505066, 0.6239426136016846, 0.684140145778656, 0.6069996356964111, 0.5291270613670349, 0.4347963333129883, 0.4138557016849518]], "sfx.logattacktime.mean": [0.13935169577598572], "lowlevel.hfc.mean": [0.4663117825984955]}