{"lowlevel.dissonance.mean": [0.6396141052246094], "sfx.inharmonicity.mean": [0.637415885925293], "lowlevel.spectral_contrast.mean": [[0.801279604434967, 0.7207756042480469, 0.7845362424850464, 0.4794642925262451, 0.4835813045501709, 0.4412648677825928]], "lowlevel.spectral_centroid.mean": [0.35350820422172546], "lowlevel.mfcc.mean": [[0.5604619979858398, 1.0620791912078857, 0.5429563522338867, 0.01851189136505127, 0.046798110008239746, -0.10773599147796631, -0.02831709384918213, 0.16682681441307068, 0.5471829175949097, 0.5094176530838013, 0.22100093960762024, 0.299055814743042, 0.4284623861312866]], "sfx.logattacktime.mean": [0.42713111639022827], "lowlevel.hfc.mean": [0.4802733063697815]}