{"lowlevel.dissonance.mean": [-0.04308760166168213], "sfx.inharmonicity.mean": [0.34325987100601196], "lowlevel.spectral_contrast.mean": [[0.8763349652290344, 1.184731125831604, 0.9861825704574585, 0.8471324443817139, 0.645596981048584, 0.33041810989379883]], "lowlevel.spectral_centroid.mean": [0.4187176525592804], "lowlevel.mfcc.mean": [[0.4579927921295166, 0.8135049343109131, 0.4447524845600128, 0.2019074559211731, 0.27856558561325073, 0.05893853306770325, 0.04041409492492676, -0.08393359184265137, -0.1780548095703125, -0.13836389780044556, 0.06020843982696533, 0.09368154406547546, 0.2544603943824768]], "sfx.logattacktime.mean": [0.28370094299316406], "lowlevel.hfc.mean": [0.48247650265693665]}