{"lowlevel.dissonance.mean": [0.7371988296508789], "sfx.inharmonicity.mean": [0.4284619987010956], "lowlevel.spectral_contrast.mean": [[0.6328722834587097, 0.40000689029693604, 0.6036841869354248, 0.4462409019470215, 0.39266085624694824, 0.39017200469970703]], "lowlevel.spectral_centroid.mean": [0.3535647392272949], "lowlevel.mfcc.mean": [[0.4635603427886963, 0.9966930150985718, 0.6935396194458008, -0.005501240491867065, 0.0750579833984375, 0.23053725063800812, 0.23896995186805725, 0.15201669931411743, 0.5054875612258911, 0.617153525352478, 0.33421292901039124, 0.30151304602622986, 0.4008387327194214]], "sfx.logattacktime.mean": [0.5759942531585693], "lowlevel.hfc.mean": [0.4666414260864258]}