{"lowlevel.dissonance.mean": [0.4335697889328003], "sfx.inharmonicity.mean": [0.36872950196266174], "lowlevel.spectral_contrast.mean": [[0.5874752998352051, 0.8286272287368774, 1.0387301445007324, 0.9707965850830078, 0.988004207611084, 0.6728849411010742]], "lowlevel.spectral_centroid.mean": [0.44024813175201416], "lowlevel.mfcc.mean": [[0.45491278171539307, 0.2533324956893921, 0.24215847253799438, 0.6092715859413147, 0.34826791286468506, 0.35564640164375305, 0.4805987775325775, 0.5417438745498657, 0.7607605457305908, 0.8817038536071777, 1.153930902481079, 1.4180583953857422, 1.4411373138427734]], "sfx.logattacktime.mean": [0.5401591658592224], "lowlevel.hfc.mean": [0.4786568582057953]}